Workbook
Name Members: '成員'!$A$5:$A$24

Sheet 總覽
A1: 整體進度 | I1: 各區塊進度
A2: 全部是公式，改「頁面進度」這裡就會跟著動。
A4: 項目 | B4: 數量 | C4: 說明 | I4: 區塊 | J4: 頁數 | K4: 已完成
A5: 總頁數 | B5: =COUNTA('頁面進度'!$B$5:$B$31) | C5: wiki/pages 底下所有頁面 | I5: 首頁 | J5: =COUNTIF('頁面進度'!$A$5:$A$31,I5) | K5: =COUNTIFS('頁面進度'!$A$5:$A$31,I5,'頁面進度'!$G$5:$G$31,"已完成")
A6: 已完成 | B6: =COUNTIF('頁面進度'!$G$5:$G$31,"已完成") | I6: Project | J6: =COUNTIF('頁面進度'!$A$5:$A$31,I6) | K6: =COUNTIFS('頁面進度'!$A$5:$A$31,I6,'頁面進度'!$G$5:$G$31,"已完成")
A7: 待審查 | B7: =COUNTIF('頁面進度'!$G$5:$G$31,"待審查") | C7: 等 Web Lead 看過 | I7: Wet | J7: =COUNTIF('頁面進度'!$A$5:$A$31,I7) | K7: =COUNTIFS('頁面進度'!$A$5:$A$31,I7,'頁面進度'!$G$5:$G$31,"已完成")
A8: 進行中 | B8: =COUNTIF('頁面進度'!$G$5:$G$31,"進行中") | I8: Dry | J8: =COUNTIF('頁面進度'!$A$5:$A$31,I8) | K8: =COUNTIFS('頁面進度'!$A$5:$A$31,I8,'頁面進度'!$G$5:$G$31,"已完成")
A9: 未開始 | B9: =COUNTIF('頁面進度'!$G$5:$G$31,"未開始") | I9: HP | J9: =COUNTIF('頁面進度'!$A$5:$A$31,I9) | K9: =COUNTIFS('頁面進度'!$A$5:$A$31,I9,'頁面進度'!$G$5:$G$31,"已完成")
A10: 尚未指派 | B10: =COUNTBLANK('頁面進度'!$F$5:$F$31) | C10: 負責人還空著的頁數 | I10: Team | J10: =COUNTIF('頁面進度'!$A$5:$A$31,I10) | K10: =COUNTIFS('頁面進度'!$A$5:$A$31,I10,'頁面進度'!$G$5:$G$31,"已完成")
A11: 已逾期 | B11: =SUMPRODUCT(('頁面進度'!$H$5:$H$31<>"")*('頁面進度'!$H$5:$H$31<TODAY())*('頁面進度'!$G$5:$G$31<>"已完成")) | C11: 過了截止日又還沒完成 | I11: 未在選單 | J11: =COUNTIF('頁面進度'!$A$5:$A$31,I11) | K11: =COUNTIFS('頁面進度'!$A$5:$A$31,I11,'頁面進度'!$G$5:$G$31,"已完成")
A12: 完成率 | B12: =IF(B5=0,0,B6/B5) | C12: 已完成 ÷ 總頁數
I14: 怎麼用
A15: 分人統計 | I15: 1. 負責人已經先分好了，用下拉選單就能改。
I16: 2. 進度改成 進行中／待審查／已完成，這一頁自己會更新。
A17: 姓名 | B17: 負責 | C17: 已完成 | D17: 待審查 | E17: 進行中 | F17: 未開始 | G17: 完成率 | I17: 3. 截止日過了又沒完成，那格會變紅。
A18: ='成員'!$A$5 | B18: =IF('成員'!$A$5="","",COUNTIF('頁面進度'!$F$5:$F$31,'成員'!$A$5)) | C18: =IF('成員'!$A$5="","",COUNTIFS('頁面進度'!$F$5:$F$31,'成員'!$A$5,'頁面進度'!$G$5:$G$31,"已完成")) | D18: =IF('成員'!$A$5="","",COUNTIFS('頁面進度'!$F$5:$F$31,'成員'!$A$5,'頁面進度'!$G$5:$G$31,"待審查")) | E18: =IF('成員'!$A$5="","",COUNTIFS('頁面進度'!$F$5:$F$31,'成員'!$A$5,'頁面進度'!$G$5:$G$31,"進行中")) | F18: =IF('成員'!$A$5="","",COUNTIFS('頁面進度'!$F$5:$F$31,'成員'!$A$5,'頁面進度'!$G$5:$G$31,"未開始")) | G18: =IF('成員'!$A$5="","",IF(COUNTIF('頁面進度'!$F$5:$F$31,'成員'!$A$5)=0,"",COUNTIFS('頁面進度'!$F$5:$F$31,'成員'!$A$5,'頁面進度'!$G$5:$G$31,"已完成")/COUNTIF('頁面進度'!$F$5:$F$31,'成員'!$A$5))) | I18: 4. 沒有負責人的頁面，負責人欄位是黃色的。
A19: ='成員'!$A$6 | B19: =IF('成員'!$A$6="","",COUNTIF('頁面進度'!$F$5:$F$31,'成員'!$A$6)) | C19: =IF('成員'!$A$6="","",COUNTIFS('頁面進度'!$F$5:$F$31,'成員'!$A$6,'頁面進度'!$G$5:$G$31,"已完成")) | D19: =IF('成員'!$A$6="","",COUNTIFS('頁面進度'!$F$5:$F$31,'成員'!$A$6,'頁面進度'!$G$5:$G$31,"待審查")) | E19: =IF('成員'!$A$6="","",COUNTIFS('頁面進度'!$F$5:$F$31,'成員'!$A$6,'頁面進度'!$G$5:$G$31,"進行中")) | F19: =IF('成員'!$A$6="","",COUNTIFS('頁面進度'!$F$5:$F$31,'成員'!$A$6,'頁面進度'!$G$5:$G$31,"未開始")) | G19: =IF('成員'!$A$6="","",IF(COUNTIF('頁面進度'!$F$5:$F$31,'成員'!$A$6)=0,"",COUNTIFS('頁面進度'!$F$5:$F$31,'成員'!$A$6,'頁面進度'!$G$5:$G$31,"已完成")/COUNTIF('頁面進度'!$F$5:$F$31,'成員'!$A$6))) | I19: 5. 要加人就到「成員」分頁往下填，下拉選單會跟著多。
A20: ='成員'!$A$7 | B20: =IF('成員'!$A$7="","",COUNTIF('頁面進度'!$F$5:$F$31,'成員'!$A$7)) | C20: =IF('成員'!$A$7="","",COUNTIFS('頁面進度'!$F$5:$F$31,'成員'!$A$7,'頁面進度'!$G$5:$G$31,"已完成")) | D20: =IF('成員'!$A$7="","",COUNTIFS('頁面進度'!$F$5:$F$31,'成員'!$A$7,'頁面進度'!$G$5:$G$31,"待審查")) | E20: =IF('成員'!$A$7="","",COUNTIFS('頁面進度'!$F$5:$F$31,'成員'!$A$7,'頁面進度'!$G$5:$G$31,"進行中")) | F20: =IF('成員'!$A$7="","",COUNTIFS('頁面進度'!$F$5:$F$31,'成員'!$A$7,'頁面進度'!$G$5:$G$31,"未開始")) | G20: =IF('成員'!$A$7="","",IF(COUNTIF('頁面進度'!$F$5:$F$31,'成員'!$A$7)=0,"",COUNTIFS('頁面進度'!$F$5:$F$31,'成員'!$A$7,'頁面進度'!$G$5:$G$31,"已完成")/COUNTIF('頁面進度'!$F$5:$F$31,'成員'!$A$7)))
A21: ='成員'!$A$8 | B21: =IF('成員'!$A$8="","",COUNTIF('頁面進度'!$F$5:$F$31,'成員'!$A$8)) | C21: =IF('成員'!$A$8="","",COUNTIFS('頁面進度'!$F$5:$F$31,'成員'!$A$8,'頁面進度'!$G$5:$G$31,"已完成")) | D21: =IF('成員'!$A$8="","",COUNTIFS('頁面進度'!$F$5:$F$31,'成員'!$A$8,'頁面進度'!$G$5:$G$31,"待審查")) | E21: =IF('成員'!$A$8="","",COUNTIFS('頁面進度'!$F$5:$F$31,'成員'!$A$8,'頁面進度'!$G$5:$G$31,"進行中")) | F21: =IF('成員'!$A$8="","",COUNTIFS('頁面進度'!$F$5:$F$31,'成員'!$A$8,'頁面進度'!$G$5:$G$31,"未開始")) | G21: =IF('成員'!$A$8="","",IF(COUNTIF('頁面進度'!$F$5:$F$31,'成員'!$A$8)=0,"",COUNTIFS('頁面進度'!$F$5:$F$31,'成員'!$A$8,'頁面進度'!$G$5:$G$31,"已完成")/COUNTIF('頁面進度'!$F$5:$F$31,'成員'!$A$8)))
A22: ='成員'!$A$9 | B22: =IF('成員'!$A$9="","",COUNTIF('頁面進度'!$F$5:$F$31,'成員'!$A$9)) | C22: =IF('成員'!$A$9="","",COUNTIFS('頁面進度'!$F$5:$F$31,'成員'!$A$9,'頁面進度'!$G$5:$G$31,"已完成")) | D22: =IF('成員'!$A$9="","",COUNTIFS('頁面進度'!$F$5:$F$31,'成員'!$A$9,'頁面進度'!$G$5:$G$31,"待審查")) | E22: =IF('成員'!$A$9="","",COUNTIFS('頁面進度'!$F$5:$F$31,'成員'!$A$9,'頁面進度'!$G$5:$G$31,"進行中")) | F22: =IF('成員'!$A$9="","",COUNTIFS('頁面進度'!$F$5:$F$31,'成員'!$A$9,'頁面進度'!$G$5:$G$31,"未開始")) | G22: =IF('成員'!$A$9="","",IF(COUNTIF('頁面進度'!$F$5:$F$31,'成員'!$A$9)=0,"",COUNTIFS('頁面進度'!$F$5:$F$31,'成員'!$A$9,'頁面進度'!$G$5:$G$31,"已完成")/COUNTIF('頁面進度'!$F$5:$F$31,'成員'!$A$9)))
A23: ='成員'!$A$10 | B23: =IF('成員'!$A$10="","",COUNTIF('頁面進度'!$F$5:$F$31,'成員'!$A$10)) | C23: =IF('成員'!$A$10="","",COUNTIFS('頁面進度'!$F$5:$F$31,'成員'!$A$10,'頁面進度'!$G$5:$G$31,"已完成")) | D23: =IF('成員'!$A$10="","",COUNTIFS('頁面進度'!$F$5:$F$31,'成員'!$A$10,'頁面進度'!$G$5:$G$31,"待審查")) | E23: =IF('成員'!$A$10="","",COUNTIFS('頁面進度'!$F$5:$F$31,'成員'!$A$10,'頁面進度'!$G$5:$G$31,"進行中")) | F23: =IF('成員'!$A$10="","",COUNTIFS('頁面進度'!$F$5:$F$31,'成員'!$A$10,'頁面進度'!$G$5:$G$31,"未開始")) | G23: =IF('成員'!$A$10="","",IF(COUNTIF('頁面進度'!$F$5:$F$31,'成員'!$A$10)=0,"",COUNTIFS('頁面進度'!$F$5:$F$31,'成員'!$A$10,'頁面進度'!$G$5:$G$31,"已完成")/COUNTIF('頁面進度'!$F$5:$F$31,'成員'!$A$10)))
A24: ='成員'!$A$11 | B24: =IF('成員'!$A$11="","",COUNTIF('頁面進度'!$F$5:$F$31,'成員'!$A$11)) | C24: =IF('成員'!$A$11="","",COUNTIFS('頁面進度'!$F$5:$F$31,'成員'!$A$11,'頁面進度'!$G$5:$G$31,"已完成")) | D24: =IF('成員'!$A$11="","",COUNTIFS('頁面進度'!$F$5:$F$31,'成員'!$A$11,'頁面進度'!$G$5:$G$31,"待審查")) | E24: =IF('成員'!$A$11="","",COUNTIFS('頁面進度'!$F$5:$F$31,'成員'!$A$11,'頁面進度'!$G$5:$G$31,"進行中")) | F24: =IF('成員'!$A$11="","",COUNTIFS('頁面進度'!$F$5:$F$31,'成員'!$A$11,'頁面進度'!$G$5:$G$31,"未開始")) | G24: =IF('成員'!$A$11="","",IF(COUNTIF('頁面進度'!$F$5:$F$31,'成員'!$A$11)=0,"",COUNTIFS('頁面進度'!$F$5:$F$31,'成員'!$A$11,'頁面進度'!$G$5:$G$31,"已完成")/COUNTIF('頁面進度'!$F$5:$F$31,'成員'!$A$11)))
A25: ='成員'!$A$12 | B25: =IF('成員'!$A$12="","",COUNTIF('頁面進度'!$F$5:$F$31,'成員'!$A$12)) | C25: =IF('成員'!$A$12="","",COUNTIFS('頁面進度'!$F$5:$F$31,'成員'!$A$12,'頁面進度'!$G$5:$G$31,"已完成")) | D25: =IF('成員'!$A$12="","",COUNTIFS('頁面進度'!$F$5:$F$31,'成員'!$A$12,'頁面進度'!$G$5:$G$31,"待審查")) | E25: =IF('成員'!$A$12="","",COUNTIFS('頁面進度'!$F$5:$F$31,'成員'!$A$12,'頁面進度'!$G$5:$G$31,"進行中")) | F25: =IF('成員'!$A$12="","",COUNTIFS('頁面進度'!$F$5:$F$31,'成員'!$A$12,'頁面進度'!$G$5:$G$31,"未開始")) | G25: =IF('成員'!$A$12="","",IF(COUNTIF('頁面進度'!$F$5:$F$31,'成員'!$A$12)=0,"",COUNTIFS('頁面進度'!$F$5:$F$31,'成員'!$A$12,'頁面進度'!$G$5:$G$31,"已完成")/COUNTIF('頁面進度'!$F$5:$F$31,'成員'!$A$12)))
A26: ='成員'!$A$13 | B26: =IF('成員'!$A$13="","",COUNTIF('頁面進度'!$F$5:$F$31,'成員'!$A$13)) | C26: =IF('成員'!$A$13="","",COUNTIFS('頁面進度'!$F$5:$F$31,'成員'!$A$13,'頁面進度'!$G$5:$G$31,"已完成")) | D26: =IF('成員'!$A$13="","",COUNTIFS('頁面進度'!$F$5:$F$31,'成員'!$A$13,'頁面進度'!$G$5:$G$31,"待審查")) | E26: =IF('成員'!$A$13="","",COUNTIFS('頁面進度'!$F$5:$F$31,'成員'!$A$13,'頁面進度'!$G$5:$G$31,"進行中")) | F26: =IF('成員'!$A$13="","",COUNTIFS('頁面進度'!$F$5:$F$31,'成員'!$A$13,'頁面進度'!$G$5:$G$31,"未開始")) | G26: =IF('成員'!$A$13="","",IF(COUNTIF('頁面進度'!$F$5:$F$31,'成員'!$A$13)=0,"",COUNTIFS('頁面進度'!$F$5:$F$31,'成員'!$A$13,'頁面進度'!$G$5:$G$31,"已完成")/COUNTIF('頁面進度'!$F$5:$F$31,'成員'!$A$13)))
A27: ='成員'!$A$14 | B27: =IF('成員'!$A$14="","",COUNTIF('頁面進度'!$F$5:$F$31,'成員'!$A$14)) | C27: =IF('成員'!$A$14="","",COUNTIFS('頁面進度'!$F$5:$F$31,'成員'!$A$14,'頁面進度'!$G$5:$G$31,"已完成")) | D27: =IF('成員'!$A$14="","",COUNTIFS('頁面進度'!$F$5:$F$31,'成員'!$A$14,'頁面進度'!$G$5:$G$31,"待審查")) | E27: =IF('成員'!$A$14="","",COUNTIFS('頁面進度'!$F$5:$F$31,'成員'!$A$14,'頁面進度'!$G$5:$G$31,"進行中")) | F27: =IF('成員'!$A$14="","",COUNTIFS('頁面進度'!$F$5:$F$31,'成員'!$A$14,'頁面進度'!$G$5:$G$31,"未開始")) | G27: =IF('成員'!$A$14="","",IF(COUNTIF('頁面進度'!$F$5:$F$31,'成員'!$A$14)=0,"",COUNTIFS('頁面進度'!$F$5:$F$31,'成員'!$A$14,'頁面進度'!$G$5:$G$31,"已完成")/COUNTIF('頁面進度'!$F$5:$F$31,'成員'!$A$14)))
A28: ='成員'!$A$15 | B28: =IF('成員'!$A$15="","",COUNTIF('頁面進度'!$F$5:$F$31,'成員'!$A$15)) | C28: =IF('成員'!$A$15="","",COUNTIFS('頁面進度'!$F$5:$F$31,'成員'!$A$15,'頁面進度'!$G$5:$G$31,"已完成")) | D28: =IF('成員'!$A$15="","",COUNTIFS('頁面進度'!$F$5:$F$31,'成員'!$A$15,'頁面進度'!$G$5:$G$31,"待審查")) | E28: =IF('成員'!$A$15="","",COUNTIFS('頁面進度'!$F$5:$F$31,'成員'!$A$15,'頁面進度'!$G$5:$G$31,"進行中")) | F28: =IF('成員'!$A$15="","",COUNTIFS('頁面進度'!$F$5:$F$31,'成員'!$A$15,'頁面進度'!$G$5:$G$31,"未開始")) | G28: =IF('成員'!$A$15="","",IF(COUNTIF('頁面進度'!$F$5:$F$31,'成員'!$A$15)=0,"",COUNTIFS('頁面進度'!$F$5:$F$31,'成員'!$A$15,'頁面進度'!$G$5:$G$31,"已完成")/COUNTIF('頁面進度'!$F$5:$F$31,'成員'!$A$15)))
A29: ='成員'!$A$16 | B29: =IF('成員'!$A$16="","",COUNTIF('頁面進度'!$F$5:$F$31,'成員'!$A$16)) | C29: =IF('成員'!$A$16="","",COUNTIFS('頁面進度'!$F$5:$F$31,'成員'!$A$16,'頁面進度'!$G$5:$G$31,"已完成")) | D29: =IF('成員'!$A$16="","",COUNTIFS('頁面進度'!$F$5:$F$31,'成員'!$A$16,'頁面進度'!$G$5:$G$31,"待審查")) | E29: =IF('成員'!$A$16="","",COUNTIFS('頁面進度'!$F$5:$F$31,'成員'!$A$16,'頁面進度'!$G$5:$G$31,"進行中")) | F29: =IF('成員'!$A$16="","",COUNTIFS('頁面進度'!$F$5:$F$31,'成員'!$A$16,'頁面進度'!$G$5:$G$31,"未開始")) | G29: =IF('成員'!$A$16="","",IF(COUNTIF('頁面進度'!$F$5:$F$31,'成員'!$A$16)=0,"",COUNTIFS('頁面進度'!$F$5:$F$31,'成員'!$A$16,'頁面進度'!$G$5:$G$31,"已完成")/COUNTIF('頁面進度'!$F$5:$F$31,'成員'!$A$16)))
A30: ='成員'!$A$17 | B30: =IF('成員'!$A$17="","",COUNTIF('頁面進度'!$F$5:$F$31,'成員'!$A$17)) | C30: =IF('成員'!$A$17="","",COUNTIFS('頁面進度'!$F$5:$F$31,'成員'!$A$17,'頁面進度'!$G$5:$G$31,"已完成")) | D30: =IF('成員'!$A$17="","",COUNTIFS('頁面進度'!$F$5:$F$31,'成員'!$A$17,'頁面進度'!$G$5:$G$31,"待審查")) | E30: =IF('成員'!$A$17="","",COUNTIFS('頁面進度'!$F$5:$F$31,'成員'!$A$17,'頁面進度'!$G$5:$G$31,"進行中")) | F30: =IF('成員'!$A$17="","",COUNTIFS('頁面進度'!$F$5:$F$31,'成員'!$A$17,'頁面進度'!$G$5:$G$31,"未開始")) | G30: =IF('成員'!$A$17="","",IF(COUNTIF('頁面進度'!$F$5:$F$31,'成員'!$A$17)=0,"",COUNTIFS('頁面進度'!$F$5:$F$31,'成員'!$A$17,'頁面進度'!$G$5:$G$31,"已完成")/COUNTIF('頁面進度'!$F$5:$F$31,'成員'!$A$17)))
A31: ='成員'!$A$18 | B31: =IF('成員'!$A$18="","",COUNTIF('頁面進度'!$F$5:$F$31,'成員'!$A$18)) | C31: =IF('成員'!$A$18="","",COUNTIFS('頁面進度'!$F$5:$F$31,'成員'!$A$18,'頁面進度'!$G$5:$G$31,"已完成")) | D31: =IF('成員'!$A$18="","",COUNTIFS('頁面進度'!$F$5:$F$31,'成員'!$A$18,'頁面進度'!$G$5:$G$31,"待審查")) | E31: =IF('成員'!$A$18="","",COUNTIFS('頁面進度'!$F$5:$F$31,'成員'!$A$18,'頁面進度'!$G$5:$G$31,"進行中")) | F31: =IF('成員'!$A$18="","",COUNTIFS('頁面進度'!$F$5:$F$31,'成員'!$A$18,'頁面進度'!$G$5:$G$31,"未開始")) | G31: =IF('成員'!$A$18="","",IF(COUNTIF('頁面進度'!$F$5:$F$31,'成員'!$A$18)=0,"",COUNTIFS('頁面進度'!$F$5:$F$31,'成員'!$A$18,'頁面進度'!$G$5:$G$31,"已完成")/COUNTIF('頁面進度'!$F$5:$F$31,'成員'!$A$18)))
A32: ='成員'!$A$19 | B32: =IF('成員'!$A$19="","",COUNTIF('頁面進度'!$F$5:$F$31,'成員'!$A$19)) | C32: =IF('成員'!$A$19="","",COUNTIFS('頁面進度'!$F$5:$F$31,'成員'!$A$19,'頁面進度'!$G$5:$G$31,"已完成")) | D32: =IF('成員'!$A$19="","",COUNTIFS('頁面進度'!$F$5:$F$31,'成員'!$A$19,'頁面進度'!$G$5:$G$31,"待審查")) | E32: =IF('成員'!$A$19="","",COUNTIFS('頁面進度'!$F$5:$F$31,'成員'!$A$19,'頁面進度'!$G$5:$G$31,"進行中")) | F32: =IF('成員'!$A$19="","",COUNTIFS('頁面進度'!$F$5:$F$31,'成員'!$A$19,'頁面進度'!$G$5:$G$31,"未開始")) | G32: =IF('成員'!$A$19="","",IF(COUNTIF('頁面進度'!$F$5:$F$31,'成員'!$A$19)=0,"",COUNTIFS('頁面進度'!$F$5:$F$31,'成員'!$A$19,'頁面進度'!$G$5:$G$31,"已完成")/COUNTIF('頁面進度'!$F$5:$F$31,'成員'!$A$19)))
A33: ='成員'!$A$20 | B33: =IF('成員'!$A$20="","",COUNTIF('頁面進度'!$F$5:$F$31,'成員'!$A$20)) | C33: =IF('成員'!$A$20="","",COUNTIFS('頁面進度'!$F$5:$F$31,'成員'!$A$20,'頁面進度'!$G$5:$G$31,"已完成")) | D33: =IF('成員'!$A$20="","",COUNTIFS('頁面進度'!$F$5:$F$31,'成員'!$A$20,'頁面進度'!$G$5:$G$31,"待審查")) | E33: =IF('成員'!$A$20="","",COUNTIFS('頁面進度'!$F$5:$F$31,'成員'!$A$20,'頁面進度'!$G$5:$G$31,"進行中")) | F33: =IF('成員'!$A$20="","",COUNTIFS('頁面進度'!$F$5:$F$31,'成員'!$A$20,'頁面進度'!$G$5:$G$31,"未開始")) | G33: =IF('成員'!$A$20="","",IF(COUNTIF('頁面進度'!$F$5:$F$31,'成員'!$A$20)=0,"",COUNTIFS('頁面進度'!$F$5:$F$31,'成員'!$A$20,'頁面進度'!$G$5:$G$31,"已完成")/COUNTIF('頁面進度'!$F$5:$F$31,'成員'!$A$20)))
A34: ='成員'!$A$21 | B34: =IF('成員'!$A$21="","",COUNTIF('頁面進度'!$F$5:$F$31,'成員'!$A$21)) | C34: =IF('成員'!$A$21="","",COUNTIFS('頁面進度'!$F$5:$F$31,'成員'!$A$21,'頁面進度'!$G$5:$G$31,"已完成")) | D34: =IF('成員'!$A$21="","",COUNTIFS('頁面進度'!$F$5:$F$31,'成員'!$A$21,'頁面進度'!$G$5:$G$31,"待審查")) | E34: =IF('成員'!$A$21="","",COUNTIFS('頁面進度'!$F$5:$F$31,'成員'!$A$21,'頁面進度'!$G$5:$G$31,"進行中")) | F34: =IF('成員'!$A$21="","",COUNTIFS('頁面進度'!$F$5:$F$31,'成員'!$A$21,'頁面進度'!$G$5:$G$31,"未開始")) | G34: =IF('成員'!$A$21="","",IF(COUNTIF('頁面進度'!$F$5:$F$31,'成員'!$A$21)=0,"",COUNTIFS('頁面進度'!$F$5:$F$31,'成員'!$A$21,'頁面進度'!$G$5:$G$31,"已完成")/COUNTIF('頁面進度'!$F$5:$F$31,'成員'!$A$21)))
A35: ='成員'!$A$22 | B35: =IF('成員'!$A$22="","",COUNTIF('頁面進度'!$F$5:$F$31,'成員'!$A$22)) | C35: =IF('成員'!$A$22="","",COUNTIFS('頁面進度'!$F$5:$F$31,'成員'!$A$22,'頁面進度'!$G$5:$G$31,"已完成")) | D35: =IF('成員'!$A$22="","",COUNTIFS('頁面進度'!$F$5:$F$31,'成員'!$A$22,'頁面進度'!$G$5:$G$31,"待審查")) | E35: =IF('成員'!$A$22="","",COUNTIFS('頁面進度'!$F$5:$F$31,'成員'!$A$22,'頁面進度'!$G$5:$G$31,"進行中")) | F35: =IF('成員'!$A$22="","",COUNTIFS('頁面進度'!$F$5:$F$31,'成員'!$A$22,'頁面進度'!$G$5:$G$31,"未開始")) | G35: =IF('成員'!$A$22="","",IF(COUNTIF('頁面進度'!$F$5:$F$31,'成員'!$A$22)=0,"",COUNTIFS('頁面進度'!$F$5:$F$31,'成員'!$A$22,'頁面進度'!$G$5:$G$31,"已完成")/COUNTIF('頁面進度'!$F$5:$F$31,'成員'!$A$22)))
A36: ='成員'!$A$23 | B36: =IF('成員'!$A$23="","",COUNTIF('頁面進度'!$F$5:$F$31,'成員'!$A$23)) | C36: =IF('成員'!$A$23="","",COUNTIFS('頁面進度'!$F$5:$F$31,'成員'!$A$23,'頁面進度'!$G$5:$G$31,"已完成")) | D36: =IF('成員'!$A$23="","",COUNTIFS('頁面進度'!$F$5:$F$31,'成員'!$A$23,'頁面進度'!$G$5:$G$31,"待審查")) | E36: =IF('成員'!$A$23="","",COUNTIFS('頁面進度'!$F$5:$F$31,'成員'!$A$23,'頁面進度'!$G$5:$G$31,"進行中")) | F36: =IF('成員'!$A$23="","",COUNTIFS('頁面進度'!$F$5:$F$31,'成員'!$A$23,'頁面進度'!$G$5:$G$31,"未開始")) | G36: =IF('成員'!$A$23="","",IF(COUNTIF('頁面進度'!$F$5:$F$31,'成員'!$A$23)=0,"",COUNTIFS('頁面進度'!$F$5:$F$31,'成員'!$A$23,'頁面進度'!$G$5:$G$31,"已完成")/COUNTIF('頁面進度'!$F$5:$F$31,'成員'!$A$23)))
A37: ='成員'!$A$24 | B37: =IF('成員'!$A$24="","",COUNTIF('頁面進度'!$F$5:$F$31,'成員'!$A$24)) | C37: =IF('成員'!$A$24="","",COUNTIFS('頁面進度'!$F$5:$F$31,'成員'!$A$24,'頁面進度'!$G$5:$G$31,"已完成")) | D37: =IF('成員'!$A$24="","",COUNTIFS('頁面進度'!$F$5:$F$31,'成員'!$A$24,'頁面進度'!$G$5:$G$31,"待審查")) | E37: =IF('成員'!$A$24="","",COUNTIFS('頁面進度'!$F$5:$F$31,'成員'!$A$24,'頁面進度'!$G$5:$G$31,"進行中")) | F37: =IF('成員'!$A$24="","",COUNTIFS('頁面進度'!$F$5:$F$31,'成員'!$A$24,'頁面進度'!$G$5:$G$31,"未開始")) | G37: =IF('成員'!$A$24="","",IF(COUNTIF('頁面進度'!$F$5:$F$31,'成員'!$A$24)=0,"",COUNTIFS('頁面進度'!$F$5:$F$31,'成員'!$A$24,'頁面進度'!$G$5:$G$31,"已完成")/COUNTIF('頁面進度'!$F$5:$F$31,'成員'!$A$24)))

Sheet 頁面進度
A1: Wiki 頁面進度
A2: 「目前狀態」「曾參與」是從 repo 和 git 讀出來的事實；負責人是建議分配，用下拉選單隨時改。
A4: 選單分類 | B4: 頁面 | C4: 檔案 | D4: 目前狀態（掃描 repo） | E4: 曾參與（git） | F4: 負責人 | G4: 進度 | H4: 截止日 | I4: 備註 / 待辦
A5: 首頁 | B5: Home | C5: wiki/pages/home.html | D5: 已有內容（146 行） | E5: Mella | F5: Mella | G5: 未開始
A6: Project | B6: Description | C6: wiki/pages/description.html | D6: 已有內容（357 行） | F6: Chun | G6: 未開始 | I6: 檔案內有給團隊的註記（22 行），動工前先讀
A7: Project | B7: Notebook | C7: wiki/pages/notebook.html | D7: 已有內容（252 行） | E7: Mella | F7: Mella | G7: 未開始 | I7: 檔案內有給團隊的註記（10 行），動工前先讀
A8: Project | B8: Online Game | C8: wiki/pages/online-game.html | D8: 已有內容（99 行） | E8: Mella | F8: Mella | G8: 未開始
A9: Project | B9: Contribution | C9: wiki/pages/contribution.html | D9: 空白頁（未撰寫） | F9: Mella | G9: 未開始 | I9: 註解裡有一句暫存的舊副標題；目前是空殼，要從零寫
A10: Project | B10: Measurement | C10: wiki/pages/measurement.html | D10: 空白頁（未撰寫） | F10: Chun | G10: 未開始 | I10: 註解裡有一句暫存的舊副標題；目前是空殼，要從零寫
A11: Project | B11: Result | C11: wiki/pages/results.html | D11: 空白頁（未撰寫） | F11: Chun | G11: 未開始 | I11: 目前是空殼，要從零寫
A12: Wet | B12: Engineering | C12: wiki/pages/engineering.html | D12: 已有內容（214 行） | F12: Willy | G12: 未開始
A13: Wet | B13: Lab Book | C13: wiki/pages/lab-book.html | D13: 已有內容（109 行） | F13: Willy | G13: 未開始
A14: Wet | B14: Experiments | C14: wiki/pages/experiments.html | D14: 空白頁（未撰寫） | F14: Willy | G14: 未開始 | I14: 註解裡有一句暫存的舊副標題；目前是空殼，要從零寫
A15: Wet | B15: Parts | C15: wiki/pages/parts.html | D15: 空白頁（未撰寫） | F15: Willy | G15: 未開始 | I15: 目前是空殼，要從零寫
A16: Wet | B16: Safety and Security | C16: wiki/pages/safety-and-security.html | D16: 空白頁（未撰寫） | F16: Willy | G16: 未開始 | I16: 註解裡有一句暫存的舊副標題；目前是空殼，要從零寫
A17: Dry | B17: Hardware | C17: wiki/pages/hardware.html | D17: 已有內容（753 行） | E17: Ryan | F17: Ryan | G17: 未開始 | I17: 檔案內有給團隊的註記（30 行），動工前先讀
A18: Dry | B18: Software | C18: wiki/pages/software.html | D18: 已有內容（146 行） | F18: Ryan | G18: 未開始
A19: Dry | B19: Modeling | C19: wiki/pages/model.html | D19: 空白頁（未撰寫） | F19: Ryan | G19: 未開始 | I19: 目前是空殼，要從零寫
A20: HP | B20: Education | C20: wiki/pages/education.html | D20: 已有內容（347 行） | E20: Mella、Annie | F20: Annie | G20: 未開始
A21: HP | B21: Promotion | C21: wiki/pages/promotion.html | D21: 已有內容（93 行） | E21: Annie、Mella | F21: Annie | G21: 未開始
A22: HP | B22: Collaboration | C22: wiki/pages/collaboration.html | D22: 已有內容（72 行） | E22: Mella、Annie、Cindy-iGEM | F22: Annie | G22: 未開始
A23: HP | B23: Board Game | C23: wiki/pages/board-game.html | D23: 已有內容（193 行） | F23: Jason | G23: 未開始
A24: HP | B24: Communication | C24: wiki/pages/communication.html | D24: 空白頁（未撰寫） | F24: Annie | G24: 未開始 | I24: 目前是空殼，要從零寫
A25: HP | B25: Human Practices | C25: wiki/pages/human-practices.html | D25: 空白頁（未撰寫） | F25: Jason | G25: 未開始 | I25: 註解裡有一句暫存的舊副標題；目前是空殼，要從零寫
A26: Team | B26: Team | C26: wiki/pages/team.html | D26: 已有內容（335 行） | E26: Mella | F26: Jason | G26: 未開始
A27: Team | B27: Attributions | C27: wiki/pages/attributions.html | D27: 已有內容（66 行） | F27: Jason | G27: 未開始 | I27: 檔案內有給團隊的註記（8 行），動工前先讀
A28: 未在選單 | B28: Alternative Platform | C28: wiki/pages/alternative-platform.html | D28: 空白頁（未撰寫） | G28: 未開始 | I28: 不在選單中，需先決定要寫還是刪；註解裡有一句暫存的舊副標題；目前是空殼，要從零寫
A29: 未在選單 | B29: Entrepreneurship | C29: wiki/pages/entrepreneurship.html | D29: 空白頁（未撰寫） | G29: 未開始 | I29: 不在選單中，需先決定要寫還是刪；註解裡有一句暫存的舊副標題；目前是空殼，要從零寫
A30: 未在選單 | B30: Inclusivity | C30: wiki/pages/inclusivity.html | D30: 空白頁（未撰寫） | G30: 未開始 | I30: 不在選單中，需先決定要寫還是刪；註解裡有一句暫存的舊副標題；目前是空殼，要從零寫
A31: 未在選單 | B31: Sustainability | C31: wiki/pages/sustainability.html | D31: 空白頁（未撰寫） | G31: 未開始 | I31: 不在選單中，需先決定要寫還是刪；註解裡有一句暫存的舊副標題；目前是空殼，要從零寫

Sheet 成員
A1: 成員名單
A2: 這裡的名字就是「頁面進度」負責人欄位的下拉選項。要加人直接往下填。
A4: 姓名 | B4: 主要負責範圍
A5: Willy | B5: Wet：Engineering、Lab Book、Experiments、Parts、Safety
A6: Chun | B6: Project 主幹：Description、Measurement、Result
A7: Ryan | B7: Dry：Hardware、Software、Modeling
A8: Mella | B8: Project 其他：Home、Notebook、Online Game、Contribution
A9: Annie | B9: HP：Education、Promotion、Collaboration、Communication
A10: Jason | B10: Team + HP：Team、Attributions、Board Game、Human Practices
